account_id,signup_date,mrr,plan_tier,region,seats
ACC0000,2023-10-28,499,Pro,NA,31
ACC0001,2022-07-28,499,Enterprise,APAC,3
ACC0002,2022-02-03,499,Starter,EU,17
ACC0003,2023-10-11,199,Starter,NA,26
ACC0004,2022-11-14,49,Starter,NA,23
ACC0005,2022-04-30,49,Pro,EU,6
ACC0006,2023-09-19,499,Pro,EU,28
ACC0007,2023-06-09,199,Enterprise,EU,8
ACC0008,2023-08-04,99,Starter,NA,45
ACC0009,2022-03-30,499,Starter,NA,8
ACC0010,2023-05-27,99,Pro,EU,19
ACC0011,2022-02-16,99,Enterprise,EU,38
ACC0012,2023-11-23,199,Enterprise,EU,29
ACC0013,2023-06-06,199,Starter,EU,23
ACC0014,2022-10-11,49,Pro,EU,47
ACC0015,2023-01-12,49,Starter,APAC,32
ACC0016,2023-09-30,199,Pro,EU,10
ACC0017,2022-05-14,499,Enterprise,APAC,27
ACC0018,2023-10-29,49,Starter,NA,49
ACC0019,2022-09-05,99,Starter,NA,1
ACC0020,2023-10-14,499,Starter,APAC,39
ACC0021,2022-11-14,99,Enterprise,EU,29
ACC0022,2023-03-12,199,Starter,NA,45
ACC0023,2022-06-25,99,Enterprise,EU,3
ACC0024,2023-11-17,499,Pro,EU,47
ACC0025,2023-08-09,199,Enterprise,APAC,37
ACC0026,2022-12-17,499,Pro,NA,31
ACC0027,2022-05-23,99,Enterprise,NA,11
ACC0028,2023-02-02,499,Enterprise,APAC,22
ACC0029,2023-09-16,199,Starter,EU,18
ACC0030,2023-12-19,99,Enterprise,EU,35
ACC0031,2023-10-05,99,Starter,NA,6
ACC0032,2023-01-04,49,Pro,APAC,3
ACC0033,2023-05-16,49,Pro,APAC,5
ACC0034,2023-09-14,499,Starter,EU,9
ACC0035,2023-01-05,49,Pro,EU,28
ACC0036,2023-08-02,49,Enterprise,APAC,19
ACC0037,2023-01-17,49,Starter,NA,28
ACC0038,2022-03-27,49,Starter,EU,27
ACC0039,2023-04-05,199,Starter,APAC,13
ACC0040,2022-11-21,199,Pro,APAC,38
ACC0041,2023-06-06,49,Pro,APAC,43
ACC0042,2023-05-04,499,Enterprise,NA,21
ACC0043,2023-02-01,199,Enterprise,EU,27
ACC0044,2022-12-21,49,Starter,EU,46
ACC0045,2022-10-15,199,Enterprise,EU,6
ACC0046,2023-04-04,99,Pro,NA,38
ACC0047,2023-09-16,199,Enterprise,EU,49
ACC0048,2023-06-20,199,Pro,EU,11
ACC0049,2022-10-18,499,Enterprise,EU,47
ACC0050,2022-06-17,199,Pro,EU,41
ACC0051,2023-09-13,499,Pro,NA,17
ACC0052,2023-03-04,99,Enterprise,APAC,39
ACC0053,2023-12-03,49,Enterprise,APAC,7
ACC0054,2023-05-05,499,Pro,EU,30
ACC0055,2022-12-21,199,Starter,EU,21
ACC0056,2022-07-15,199,Enterprise,EU,1
ACC0057,2023-06-29,499,Pro,NA,25
ACC0058,2023-12-18,99,Enterprise,EU,32
ACC0059,2023-11-25,49,Enterprise,NA,8
ACC0060,2023-10-21,199,Enterprise,EU,5
ACC0061,2022-01-11,99,Enterprise,EU,30
ACC0062,2023-08-05,49,Enterprise,APAC,8
ACC0063,2022-09-13,49,Starter,EU,49
ACC0064,2023-01-31,199,Starter,NA,19
ACC0065,2024-01-01,499,Starter,APAC,44
ACC0066,2023-02-13,199,Pro,NA,30
ACC0067,2022-12-28,199,Starter,APAC,15
ACC0068,2022-09-16,199,Starter,NA,36
ACC0069,2022-01-03,99,Pro,APAC,44
ACC0070,2022-03-25,499,Starter,NA,27
ACC0071,2022-06-05,99,Enterprise,NA,13
ACC0072,2023-10-25,199,Starter,EU,14
ACC0073,2022-06-25,499,Starter,APAC,37
ACC0074,2023-12-08,49,Starter,APAC,48
ACC0075,2023-04-17,499,Enterprise,EU,30
ACC0076,2023-09-11,199,Enterprise,NA,39
ACC0077,2023-02-28,499,Enterprise,NA,47
ACC0078,2022-05-14,49,Enterprise,APAC,13
ACC0079,2023-01-15,49,Pro,NA,16
ACC0080,2023-10-29,499,Enterprise,APAC,44
ACC0081,2022-10-04,49,Enterprise,APAC,7
ACC0082,2022-08-24,99,Enterprise,NA,48
ACC0083,2022-01-13,499,Enterprise,NA,27
ACC0084,2022-12-08,49,Pro,NA,45
ACC0085,2022-02-04,49,Starter,EU,35
ACC0086,2023-07-13,499,Starter,APAC,15
ACC0087,2022-08-02,99,Enterprise,NA,28
ACC0088,2023-02-16,499,Enterprise,EU,35
ACC0089,2023-02-09,49,Enterprise,NA,7
ACC0090,2023-05-09,499,Starter,APAC,46
ACC0091,2023-10-20,49,Starter,EU,46
ACC0092,2022-06-08,199,Enterprise,APAC,20
ACC0093,2023-09-29,499,Starter,NA,32
ACC0094,2022-04-20,499,Pro,NA,38
ACC0095,2023-07-03,49,Enterprise,NA,40
ACC0096,2023-06-10,49,Enterprise,EU,32
ACC0097,2022-12-13,49,Pro,EU,26
ACC0098,2023-09-28,49,Pro,EU,39
ACC0099,2022-10-06,499,Starter,EU,20
ACC0100,2023-04-24,49,Pro,NA,18
ACC0101,2022-04-21,499,Enterprise,NA,15
ACC0102,2023-09-28,99,Starter,NA,22
ACC0103,2023-03-07,499,Pro,EU,22
ACC0104,2023-06-26,49,Starter,EU,21
ACC0105,2022-04-25,49,Starter,NA,2
ACC0106,2022-03-31,99,Starter,NA,40
ACC0107,2022-07-31,499,Starter,EU,43
ACC0108,2023-07-04,99,Pro,APAC,18
ACC0109,2023-08-18,499,Enterprise,NA,23
ACC0110,2023-06-23,49,Enterprise,NA,13
ACC0111,2023-12-30,499,Pro,NA,41
ACC0112,2022-12-26,49,Enterprise,EU,9
ACC0113,2023-05-01,49,Starter,NA,49
ACC0114,2023-01-07,199,Starter,NA,7
ACC0115,2022-08-03,199,Starter,NA,41
ACC0116,2022-01-15,499,Pro,NA,1
ACC0117,2022-09-16,49,Starter,NA,2
ACC0118,2023-04-08,99,Starter,APAC,4
ACC0119,2022-04-30,49,Pro,APAC,14
ACC0120,2022-05-08,99,Starter,NA,32
ACC0121,2023-12-24,499,Starter,NA,36
ACC0122,2023-06-07,499,Enterprise,NA,2
ACC0123,2023-11-19,99,Pro,NA,40
ACC0124,2023-10-07,99,Starter,EU,14
ACC0125,2022-11-21,49,Starter,EU,20
ACC0126,2022-11-16,499,Starter,EU,25
ACC0127,2023-05-21,49,Starter,APAC,42
ACC0128,2023-06-10,99,Enterprise,NA,49
ACC0129,2022-02-19,199,Enterprise,EU,8
ACC0130,2023-08-07,199,Enterprise,NA,28
ACC0131,2022-03-10,199,Enterprise,NA,46
ACC0132,2023-01-26,99,Pro,APAC,21
ACC0133,2023-01-18,49,Starter,APAC,23
ACC0134,2022-01-16,499,Enterprise,EU,32
ACC0135,2023-03-15,99,Starter,EU,8
ACC0136,2023-07-22,199,Pro,APAC,31
ACC0137,2023-09-09,49,Starter,APAC,37
ACC0138,2022-05-12,499,Starter,NA,16
ACC0139,2023-07-14,499,Enterprise,NA,40
ACC0140,2022-09-05,99,Enterprise,EU,42
ACC0141,2022-09-30,99,Pro,EU,27
ACC0142,2023-09-15,499,Starter,APAC,40
ACC0143,2022-12-15,499,Enterprise,EU,41
ACC0144,2023-04-29,199,Enterprise,NA,18
ACC0145,2023-07-04,499,Enterprise,APAC,35
ACC0146,2022-12-23,99,Pro,NA,49
ACC0147,2022-11-14,49,Starter,APAC,15
ACC0148,2023-09-25,199,Enterprise,APAC,27
ACC0149,2022-02-17,199,Starter,NA,17
ACC0150,2022-01-10,499,Pro,EU,40
ACC0151,2022-08-21,49,Starter,EU,2
ACC0152,2022-02-05,199,Enterprise,EU,49
ACC0153,2023-02-17,99,Starter,EU,31
ACC0154,2023-04-07,499,Starter,NA,37
ACC0155,2022-01-04,99,Pro,APAC,41
ACC0156,2022-02-13,499,Pro,NA,41
ACC0157,2023-07-22,199,Starter,EU,34
ACC0158,2023-07-08,499,Starter,EU,34
ACC0159,2022-09-12,49,Starter,NA,3
ACC0160,2022-04-24,99,Pro,APAC,17
ACC0161,2023-02-01,49,Pro,NA,14
ACC0162,2022-06-23,99,Starter,NA,14
ACC0163,2022-09-12,99,Pro,NA,46
ACC0164,2023-04-11,499,Enterprise,APAC,38
ACC0165,2022-10-04,199,Pro,NA,35
ACC0166,2023-04-09,199,Pro,NA,1
ACC0167,2023-05-17,49,Pro,EU,48
ACC0168,2023-03-17,499,Enterprise,NA,29
ACC0169,2022-03-10,199,Enterprise,EU,4
ACC0170,2023-05-24,99,Enterprise,EU,33
ACC0171,2022-11-22,99,Starter,EU,17
ACC0172,2022-03-08,499,Starter,APAC,28
ACC0173,2022-10-31,49,Enterprise,EU,26
ACC0174,2023-04-29,499,Starter,NA,8
ACC0175,2023-07-02,49,Starter,NA,34
ACC0176,2023-02-21,499,Starter,EU,18
ACC0177,2022-06-08,99,Enterprise,EU,31
ACC0178,2022-05-29,499,Pro,NA,27
ACC0179,2022-01-27,199,Enterprise,EU,16
ACC0180,2023-08-07,199,Enterprise,APAC,10
ACC0181,2022-09-05,499,Starter,EU,40
ACC0182,2022-04-11,49,Starter,APAC,12
ACC0183,2023-12-03,49,Pro,APAC,22
ACC0184,2022-04-06,99,Pro,APAC,16
ACC0185,2023-01-19,99,Pro,EU,12
ACC0186,2022-10-09,49,Pro,APAC,11
ACC0187,2022-11-18,499,Enterprise,APAC,20
ACC0188,2023-01-31,99,Pro,EU,1
ACC0189,2022-10-05,49,Enterprise,APAC,27
ACC0190,2023-06-13,49,Starter,EU,3
ACC0191,2022-09-20,499,Pro,NA,12
ACC0192,2023-09-11,199,Starter,APAC,30
ACC0193,2023-08-03,49,Starter,EU,9
ACC0194,2023-10-02,99,Enterprise,NA,37
ACC0195,2022-10-20,499,Pro,APAC,1
ACC0196,2022-10-21,499,Enterprise,APAC,42
ACC0197,2023-08-31,499,Starter,EU,49
ACC0198,2023-01-30,199,Pro,NA,4
ACC0199,2023-05-28,199,Starter,EU,15
ACC0200,2022-06-29,99,Starter,APAC,27
ACC0201,2023-11-24,99,Pro,APAC,8
ACC0202,2022-08-23,499,Pro,APAC,23
ACC0203,2022-12-03,99,Pro,APAC,15
ACC0204,2022-01-08,49,Enterprise,NA,27
ACC0205,2023-03-19,199,Enterprise,NA,31
ACC0206,2023-06-23,499,Starter,EU,39
ACC0207,2023-10-20,499,Pro,EU,47
ACC0208,2022-04-01,49,Starter,EU,8
ACC0209,2022-09-29,49,Starter,APAC,30
ACC0210,2022-01-05,49,Starter,EU,42
ACC0211,2023-08-17,49,Starter,NA,18
ACC0212,2022-08-07,499,Starter,EU,4
ACC0213,2022-04-28,199,Pro,EU,47
ACC0214,2023-08-16,199,Enterprise,NA,43
ACC0215,2023-08-05,49,Pro,NA,22
ACC0216,2022-04-25,99,Pro,APAC,3
ACC0217,2022-09-20,499,Pro,NA,15
ACC0218,2022-11-02,199,Enterprise,NA,35
ACC0219,2023-10-16,49,Enterprise,EU,47
ACC0220,2023-02-26,99,Enterprise,NA,38
ACC0221,2022-07-26,99,Pro,APAC,33
ACC0222,2023-09-15,49,Enterprise,EU,14
ACC0223,2022-10-30,499,Starter,APAC,48
ACC0224,2022-04-22,199,Enterprise,NA,1
ACC0225,2023-02-21,99,Pro,APAC,49
ACC0226,2023-07-09,199,Pro,APAC,26
ACC0227,2022-10-12,199,Starter,NA,8
ACC0228,2023-10-02,99,Enterprise,NA,16
ACC0229,2022-07-04,49,Enterprise,EU,38
ACC0230,2022-08-09,99,Starter,EU,10
ACC0231,2023-03-20,99,Pro,EU,42
ACC0232,2022-04-27,499,Pro,NA,37
ACC0233,2022-03-11,199,Enterprise,APAC,26
ACC0234,2022-03-11,49,Enterprise,APAC,28
ACC0235,2023-09-14,199,Enterprise,EU,12
ACC0236,2023-03-03,99,Enterprise,EU,20
ACC0237,2023-10-06,49,Enterprise,NA,49
ACC0238,2023-07-22,49,Pro,APAC,14
ACC0239,2023-03-19,49,Pro,EU,46
ACC0240,2023-08-24,49,Pro,NA,35
ACC0241,2022-05-17,499,Pro,EU,29
ACC0242,2023-05-19,49,Starter,NA,12
ACC0243,2022-05-11,99,Pro,APAC,18
ACC0244,2022-08-06,499,Starter,NA,44
ACC0245,2023-11-19,99,Pro,EU,2
ACC0246,2022-06-20,99,Enterprise,EU,2
ACC0247,2023-04-20,199,Enterprise,APAC,17
ACC0248,2023-09-04,49,Enterprise,APAC,10
ACC0249,2022-05-09,49,Starter,EU,18
ACC0250,2022-02-26,99,Pro,EU,22
ACC0251,2022-06-30,49,Pro,EU,19
ACC0252,2022-09-03,499,Starter,APAC,1
ACC0253,2022-05-24,199,Starter,EU,24
ACC0254,2022-02-20,49,Starter,APAC,36
ACC0255,2023-01-03,49,Starter,EU,25
ACC0256,2023-04-04,499,Starter,NA,36
ACC0257,2022-08-06,199,Enterprise,NA,31
ACC0258,2023-09-08,499,Pro,EU,31
ACC0259,2023-07-21,99,Starter,NA,2
ACC0260,2022-09-14,99,Enterprise,APAC,19
ACC0261,2022-06-05,49,Starter,NA,12
ACC0262,2023-07-19,199,Enterprise,NA,10
ACC0263,2023-03-18,99,Starter,APAC,31
ACC0264,2023-11-30,499,Pro,NA,45
ACC0265,2023-10-24,99,Starter,NA,22
ACC0266,2023-12-24,99,Starter,EU,23
ACC0267,2022-01-25,499,Pro,APAC,23
ACC0268,2023-10-26,49,Pro,APAC,15
ACC0269,2023-06-20,199,Starter,EU,26
ACC0270,2022-03-01,49,Pro,EU,3
ACC0271,2023-04-12,499,Pro,NA,23
ACC0272,2023-03-10,99,Enterprise,NA,20
ACC0273,2022-03-07,199,Pro,NA,45
ACC0274,2023-07-19,49,Pro,EU,40
ACC0275,2022-04-16,499,Starter,APAC,39
ACC0276,2022-04-06,99,Starter,NA,8
ACC0277,2023-11-19,99,Enterprise,EU,18
ACC0278,2023-07-05,49,Starter,APAC,41
ACC0279,2022-06-17,499,Pro,EU,6
ACC0280,2022-02-11,99,Pro,NA,27
ACC0281,2022-04-14,99,Pro,EU,36
ACC0282,2022-07-23,199,Starter,EU,15
ACC0283,2023-06-04,99,Pro,EU,37
ACC0284,2022-10-09,49,Pro,EU,5
ACC0285,2022-02-12,499,Enterprise,APAC,39
ACC0286,2022-04-20,499,Enterprise,NA,9
ACC0287,2022-07-29,199,Enterprise,APAC,7
ACC0288,2022-02-18,499,Starter,EU,41
ACC0289,2022-04-25,49,Pro,EU,20
ACC0290,2022-06-04,99,Pro,NA,10
ACC0291,2023-10-11,199,Pro,NA,26
ACC0292,2023-05-18,499,Enterprise,APAC,4
ACC0293,2023-11-10,199,Pro,APAC,38
ACC0294,2023-12-12,199,Pro,NA,24
ACC0295,2022-03-12,499,Pro,APAC,14
ACC0296,2023-06-03,199,Pro,EU,41
ACC0297,2023-12-13,499,Pro,EU,1
ACC0298,2022-12-02,49,Starter,NA,17
ACC0299,2022-03-08,499,Pro,APAC,45
ACC0300,2023-05-08,99,Starter,EU,24
ACC0301,2023-10-12,499,Pro,NA,27
ACC0302,2022-08-01,99,Starter,APAC,7
ACC0303,2022-06-30,199,Pro,EU,9
ACC0304,2023-09-05,499,Pro,APAC,43
ACC0305,2023-08-22,99,Pro,APAC,35
ACC0306,2023-11-28,499,Pro,APAC,12
ACC0307,2023-08-26,499,Enterprise,NA,21
ACC0308,2022-09-05,499,Pro,EU,3
ACC0309,2022-08-02,49,Starter,NA,15
ACC0310,2022-12-25,99,Enterprise,EU,21
ACC0311,2022-09-06,49,Enterprise,EU,10
ACC0312,2023-09-30,49,Pro,NA,33
ACC0313,2023-05-31,99,Starter,NA,46
ACC0314,2022-03-29,499,Starter,EU,6
ACC0315,2023-10-25,49,Enterprise,EU,2
ACC0316,2022-06-25,49,Starter,EU,29
ACC0317,2023-12-24,49,Pro,APAC,40
ACC0318,2023-03-02,499,Pro,EU,33
ACC0319,2023-08-26,49,Pro,NA,4
ACC0320,2023-12-04,199,Pro,NA,4
ACC0321,2022-03-22,99,Pro,NA,29
ACC0322,2022-05-18,199,Enterprise,EU,37
ACC0323,2023-03-09,499,Pro,EU,20
ACC0324,2023-04-15,49,Pro,APAC,41
ACC0325,2022-12-16,99,Enterprise,APAC,23
ACC0326,2022-05-06,49,Enterprise,NA,45
ACC0327,2022-11-05,499,Enterprise,APAC,18
ACC0328,2022-08-18,99,Starter,APAC,49
ACC0329,2023-04-05,199,Starter,NA,25
ACC0330,2022-12-11,99,Pro,EU,1
ACC0331,2022-11-06,49,Pro,APAC,15
ACC0332,2022-01-20,99,Pro,EU,34
ACC0333,2023-07-15,499,Starter,NA,48
ACC0334,2023-10-09,499,Pro,NA,20
ACC0335,2023-06-25,99,Pro,APAC,37
ACC0336,2023-07-14,499,Starter,NA,27
ACC0337,2023-04-22,499,Enterprise,NA,22
ACC0338,2022-09-26,499,Starter,NA,5
ACC0339,2022-01-03,199,Pro,APAC,34
ACC0340,2022-01-16,49,Starter,APAC,39
ACC0341,2023-08-29,499,Enterprise,APAC,3
ACC0342,2022-12-24,99,Enterprise,NA,17
ACC0343,2023-10-08,499,Enterprise,EU,24
ACC0344,2022-05-13,199,Enterprise,NA,24
ACC0345,2022-11-08,99,Enterprise,APAC,3
ACC0346,2023-04-27,49,Enterprise,EU,45
ACC0347,2023-06-28,99,Pro,EU,7
ACC0348,2022-11-01,99,Pro,APAC,25
ACC0349,2022-09-26,99,Starter,EU,3
ACC0350,2023-02-18,99,Pro,EU,15
ACC0351,2022-01-25,499,Enterprise,APAC,29
ACC0352,2022-11-12,49,Pro,EU,29
ACC0353,2023-07-25,499,Starter,EU,10
ACC0354,2023-12-26,199,Enterprise,APAC,32
ACC0355,2023-10-30,199,Pro,EU,23
ACC0356,2022-10-03,99,Pro,EU,39
ACC0357,2023-01-24,499,Starter,EU,9
ACC0358,2023-12-23,499,Enterprise,EU,37
ACC0359,2023-03-20,49,Starter,APAC,40
ACC0360,2023-03-03,49,Enterprise,NA,14
ACC0361,2022-02-26,49,Enterprise,NA,4
ACC0362,2023-11-28,499,Pro,EU,20
ACC0363,2023-07-20,49,Starter,APAC,28
ACC0364,2023-12-22,49,Starter,APAC,14
ACC0365,2023-01-03,49,Starter,EU,44
ACC0366,2022-12-08,99,Enterprise,NA,34
ACC0367,2022-10-31,199,Starter,EU,13
ACC0368,2023-01-09,199,Enterprise,APAC,31
ACC0369,2022-04-22,499,Starter,APAC,33
ACC0370,2022-01-06,499,Starter,NA,39
ACC0371,2023-12-04,99,Pro,APAC,28
ACC0372,2022-10-06,199,Starter,APAC,25
ACC0373,2023-01-17,49,Pro,APAC,32
ACC0374,2022-01-13,49,Pro,NA,9
ACC0375,2022-10-30,499,Enterprise,APAC,28
ACC0376,2023-07-10,199,Starter,EU,31
ACC0377,2023-09-09,499,Starter,NA,17
ACC0378,2022-06-09,499,Starter,EU,23
ACC0379,2022-06-03,49,Pro,EU,13
ACC0380,2022-06-30,49,Starter,NA,10
ACC0381,2023-06-10,199,Enterprise,EU,16
ACC0382,2022-06-29,499,Enterprise,NA,6
ACC0383,2023-01-12,99,Starter,EU,48
ACC0384,2022-06-17,199,Pro,NA,11
ACC0385,2022-08-02,499,Enterprise,APAC,3
ACC0386,2022-05-30,199,Enterprise,APAC,28
ACC0387,2022-01-16,199,Pro,EU,41
ACC0388,2022-04-01,199,Enterprise,APAC,15
ACC0389,2022-04-30,99,Pro,NA,13
ACC0390,2022-09-10,99,Enterprise,EU,42
ACC0391,2022-03-01,49,Pro,APAC,45
ACC0392,2022-09-23,49,Enterprise,APAC,17
ACC0393,2023-02-13,499,Starter,EU,7
ACC0394,2022-01-31,199,Enterprise,APAC,28
ACC0395,2022-01-21,499,Enterprise,APAC,38
ACC0396,2024-01-01,49,Starter,EU,13
ACC0397,2023-08-16,99,Starter,APAC,17
ACC0398,2022-10-16,49,Starter,APAC,15
ACC0399,2023-06-27,499,Starter,APAC,36
ACC0400,2023-05-13,49,Pro,APAC,28
ACC0401,2023-04-19,499,Pro,EU,15
ACC0402,2023-02-09,499,Enterprise,NA,46
ACC0403,2023-07-02,499,Enterprise,NA,11
ACC0404,2022-05-12,499,Enterprise,APAC,31
ACC0405,2022-11-20,49,Pro,APAC,4
ACC0406,2022-05-12,499,Enterprise,NA,35
ACC0407,2023-06-05,499,Enterprise,APAC,34
ACC0408,2022-01-30,199,Pro,NA,27
ACC0409,2023-09-19,499,Enterprise,EU,10
ACC0410,2022-10-28,49,Pro,EU,30
ACC0411,2022-01-04,499,Pro,EU,45
ACC0412,2022-11-21,99,Starter,EU,20
ACC0413,2023-05-24,99,Starter,EU,29
ACC0414,2022-08-25,499,Pro,EU,29
ACC0415,2023-06-19,99,Pro,NA,23
ACC0416,2022-01-16,99,Starter,APAC,21
ACC0417,2023-06-18,49,Enterprise,NA,48
ACC0418,2023-08-07,199,Enterprise,EU,43
ACC0419,2023-03-22,99,Enterprise,APAC,10
ACC0420,2023-05-18,99,Pro,APAC,41
ACC0421,2022-08-18,199,Starter,EU,12
ACC0422,2022-04-17,199,Enterprise,EU,30
ACC0423,2023-12-21,99,Starter,EU,33
ACC0424,2023-01-24,499,Starter,EU,18
ACC0425,2023-12-21,99,Pro,EU,14
ACC0426,2022-09-20,499,Enterprise,EU,22
ACC0427,2023-07-17,499,Starter,APAC,21
ACC0428,2022-03-06,499,Pro,EU,1
ACC0429,2022-09-22,199,Pro,EU,49
ACC0430,2022-12-04,99,Pro,APAC,43
ACC0431,2022-10-28,99,Enterprise,NA,15
ACC0432,2023-01-13,49,Enterprise,EU,36
ACC0433,2022-06-24,199,Pro,APAC,47
ACC0434,2022-06-01,49,Enterprise,APAC,22
ACC0435,2023-04-21,49,Enterprise,NA,32
ACC0436,2022-09-23,499,Starter,EU,46
ACC0437,2022-11-25,199,Pro,EU,33
ACC0438,2022-06-12,49,Pro,EU,41
ACC0439,2023-03-14,99,Enterprise,APAC,39
ACC0440,2022-12-09,49,Pro,EU,23
ACC0441,2023-01-02,199,Pro,EU,43
ACC0442,2023-04-10,99,Pro,EU,2
ACC0443,2022-07-18,99,Enterprise,EU,2
ACC0444,2023-05-15,99,Enterprise,NA,38
ACC0445,2022-01-16,499,Enterprise,NA,29
ACC0446,2022-10-23,99,Starter,NA,46
ACC0447,2023-05-26,499,Pro,EU,3
ACC0448,2022-08-27,499,Starter,EU,39
ACC0449,2023-08-04,49,Enterprise,APAC,7
ACC0450,2022-10-28,49,Starter,APAC,36
ACC0451,2022-01-06,99,Pro,APAC,29
ACC0452,2022-08-08,199,Pro,EU,37
ACC0453,2023-03-29,99,Enterprise,NA,49
ACC0454,2023-03-09,49,Enterprise,NA,36
ACC0455,2023-01-21,99,Starter,NA,23
ACC0456,2023-09-11,49,Enterprise,EU,45
ACC0457,2022-10-22,99,Starter,NA,16
ACC0458,2022-04-28,199,Pro,APAC,48
ACC0459,2023-02-09,99,Pro,APAC,31
ACC0460,2023-11-11,199,Pro,NA,34
ACC0461,2023-08-17,199,Pro,APAC,1
ACC0462,2023-07-20,99,Pro,NA,18
ACC0463,2022-01-12,199,Starter,NA,40
ACC0464,2022-07-28,199,Pro,APAC,43
ACC0465,2022-06-14,49,Starter,APAC,15
ACC0466,2022-10-21,49,Pro,APAC,48
ACC0467,2023-06-03,199,Starter,APAC,49
ACC0468,2022-03-19,499,Starter,NA,17
ACC0469,2023-03-10,99,Starter,APAC,44
ACC0470,2023-07-31,199,Enterprise,APAC,10
ACC0471,2023-09-06,99,Starter,EU,20
ACC0472,2023-11-14,49,Starter,APAC,6
ACC0473,2022-03-18,99,Pro,APAC,8
ACC0474,2022-02-17,199,Starter,NA,45
ACC0475,2022-03-23,199,Starter,NA,34
ACC0476,2023-12-22,199,Enterprise,EU,32
ACC0477,2022-07-28,199,Pro,APAC,42
ACC0478,2023-03-21,499,Enterprise,APAC,4
ACC0479,2023-08-19,499,Enterprise,APAC,44
ACC0480,2023-06-06,499,Enterprise,APAC,39
ACC0481,2022-01-29,199,Starter,APAC,20
ACC0482,2022-10-31,499,Enterprise,APAC,24
ACC0483,2023-04-10,99,Enterprise,EU,24
ACC0484,2023-05-17,199,Pro,APAC,26
ACC0485,2023-03-22,49,Pro,APAC,25
ACC0486,2023-09-20,199,Pro,APAC,36
ACC0487,2023-05-05,99,Pro,EU,7
ACC0488,2023-03-04,499,Enterprise,APAC,10
ACC0489,2023-07-13,199,Pro,EU,47
ACC0490,2022-12-25,499,Starter,NA,12
ACC0491,2022-04-01,199,Enterprise,APAC,1
ACC0492,2022-02-22,99,Pro,EU,25
ACC0493,2023-12-31,199,Enterprise,NA,16
ACC0494,2023-08-12,499,Pro,EU,5
ACC0495,2022-07-23,499,Enterprise,EU,19
ACC0496,2023-07-10,99,Pro,NA,4
ACC0497,2022-06-05,199,Starter,APAC,6
ACC0498,2022-01-02,49,Pro,APAC,26
ACC0499,2022-12-23,199,Enterprise,EU,49
ACC0500,2023-07-23,99,Enterprise,NA,39
ACC0501,2022-02-27,49,Starter,APAC,39
ACC0502,2022-09-11,99,Enterprise,EU,9
ACC0503,2022-06-29,199,Starter,NA,45
ACC0504,2023-05-08,49,Enterprise,EU,14
ACC0505,2023-10-31,99,Enterprise,NA,48
ACC0506,2022-02-04,499,Starter,APAC,9
ACC0507,2022-03-16,49,Enterprise,APAC,15
ACC0508,2022-10-16,49,Enterprise,EU,37
ACC0509,2023-01-06,99,Starter,APAC,20
ACC0510,2023-08-10,499,Pro,APAC,8
ACC0511,2022-11-25,49,Starter,NA,32
ACC0512,2023-08-13,99,Enterprise,APAC,47
ACC0513,2022-10-31,49,Pro,NA,21
ACC0514,2023-08-02,49,Pro,NA,41
ACC0515,2022-08-09,49,Pro,EU,19
ACC0516,2022-06-13,499,Starter,NA,29
ACC0517,2023-04-25,199,Pro,APAC,31
ACC0518,2023-03-31,199,Pro,NA,6
ACC0519,2023-01-10,499,Pro,NA,4
ACC0520,2022-08-08,499,Enterprise,EU,43
ACC0521,2023-11-15,99,Starter,APAC,29
ACC0522,2022-09-11,49,Starter,APAC,42
ACC0523,2023-12-23,499,Enterprise,APAC,3
ACC0524,2022-07-07,99,Pro,NA,1
ACC0525,2022-07-10,199,Enterprise,APAC,44
ACC0526,2023-01-24,199,Enterprise,APAC,15
ACC0527,2022-08-03,199,Pro,NA,47
ACC0528,2023-01-10,199,Pro,EU,21
ACC0529,2022-03-27,99,Starter,EU,46
ACC0530,2023-04-19,49,Pro,NA,31
ACC0531,2023-09-10,99,Enterprise,EU,7
ACC0532,2023-06-15,49,Enterprise,EU,17
ACC0533,2022-02-16,199,Pro,EU,19
ACC0534,2022-03-06,499,Starter,APAC,39
ACC0535,2023-04-20,499,Enterprise,EU,3
ACC0536,2022-05-26,499,Pro,APAC,30
ACC0537,2023-01-17,49,Starter,EU,35
ACC0538,2022-03-07,199,Starter,APAC,29
ACC0539,2023-06-01,99,Enterprise,NA,14
ACC0540,2022-04-03,499,Enterprise,NA,35
ACC0541,2023-03-02,49,Starter,EU,28
ACC0542,2023-04-13,499,Starter,APAC,30
ACC0543,2022-04-04,99,Starter,NA,26
ACC0544,2023-09-10,199,Pro,NA,7
ACC0545,2022-05-13,99,Enterprise,NA,39
ACC0546,2023-03-10,199,Starter,NA,31
ACC0547,2022-12-07,199,Enterprise,EU,5
ACC0548,2022-11-10,199,Enterprise,APAC,35
ACC0549,2023-08-14,499,Enterprise,NA,47
ACC0550,2022-07-31,99,Starter,EU,14
ACC0551,2023-06-04,499,Pro,NA,36
ACC0552,2022-06-08,99,Starter,NA,27
ACC0553,2022-09-25,49,Enterprise,NA,24
ACC0554,2023-10-23,49,Starter,NA,40
ACC0555,2023-08-26,99,Starter,EU,29
ACC0556,2023-04-19,99,Enterprise,APAC,45
ACC0557,2023-02-14,99,Enterprise,EU,22
ACC0558,2023-04-19,99,Starter,EU,8
ACC0559,2022-12-22,199,Starter,EU,15
ACC0560,2023-11-11,499,Starter,NA,49
ACC0561,2022-07-12,199,Starter,APAC,5
ACC0562,2023-11-30,499,Pro,NA,4
ACC0563,2022-09-28,499,Starter,EU,11
ACC0564,2022-04-24,499,Pro,NA,18
ACC0565,2023-06-07,199,Enterprise,APAC,42
ACC0566,2022-02-24,99,Pro,APAC,49
ACC0567,2022-03-06,199,Enterprise,NA,30
ACC0568,2023-11-15,199,Pro,EU,15
ACC0569,2022-09-29,499,Enterprise,NA,6
ACC0570,2023-05-17,49,Starter,EU,16
ACC0571,2023-10-24,49,Pro,APAC,47
ACC0572,2022-12-28,199,Pro,NA,40
ACC0573,2022-05-26,499,Enterprise,APAC,9
ACC0574,2022-07-28,199,Enterprise,EU,43
ACC0575,2022-10-13,199,Pro,EU,34
ACC0576,2022-01-10,99,Enterprise,NA,27
ACC0577,2022-07-05,499,Starter,NA,13
ACC0578,2023-07-28,49,Pro,NA,36
ACC0579,2023-08-20,49,Starter,APAC,27
ACC0580,2023-04-09,49,Pro,EU,9
ACC0581,2022-05-14,199,Starter,EU,5
ACC0582,2022-06-20,499,Pro,APAC,22
ACC0583,2022-08-01,99,Enterprise,NA,31
ACC0584,2023-06-14,49,Pro,NA,3
ACC0585,2023-05-17,499,Starter,APAC,30
ACC0586,2023-07-26,49,Pro,EU,21
ACC0587,2023-08-23,99,Starter,EU,35
ACC0588,2022-01-27,499,Starter,EU,6
ACC0589,2022-03-09,199,Starter,EU,28
ACC0590,2023-02-12,199,Enterprise,APAC,32
ACC0591,2023-07-06,49,Pro,EU,42
ACC0592,2022-04-19,49,Starter,APAC,37
ACC0593,2022-03-15,499,Enterprise,NA,25
ACC0594,2023-08-01,99,Starter,APAC,32
ACC0595,2023-11-11,49,Pro,EU,35
ACC0596,2022-09-19,499,Enterprise,NA,22
ACC0597,2023-01-03,99,Starter,APAC,24
ACC0598,2022-08-25,49,Starter,APAC,39
ACC0599,2023-12-28,49,Starter,APAC,30
ACC0600,2023-01-01,499,Pro,NA,32
ACC0601,2022-10-13,49,Enterprise,APAC,31
ACC0602,2023-01-13,199,Enterprise,EU,23
ACC0603,2023-10-23,99,Enterprise,NA,40
ACC0604,2023-01-11,99,Starter,NA,33
ACC0605,2023-09-11,199,Enterprise,APAC,25
ACC0606,2023-10-15,499,Starter,EU,36
ACC0607,2022-03-17,199,Pro,NA,24
ACC0608,2022-01-09,199,Enterprise,APAC,31
ACC0609,2022-07-15,99,Starter,EU,39
ACC0610,2023-09-22,499,Enterprise,APAC,46
ACC0611,2022-10-17,49,Enterprise,APAC,13
ACC0612,2022-03-02,199,Pro,NA,10
ACC0613,2023-01-24,199,Enterprise,NA,23
ACC0614,2023-07-17,499,Pro,APAC,18
ACC0615,2023-07-18,199,Enterprise,NA,32
ACC0616,2023-09-26,499,Enterprise,NA,33
ACC0617,2023-11-10,49,Enterprise,EU,36
ACC0618,2022-01-08,499,Enterprise,EU,28
ACC0619,2023-01-04,49,Enterprise,APAC,16
ACC0620,2022-02-14,499,Enterprise,APAC,16
ACC0621,2022-12-10,199,Pro,APAC,18
ACC0622,2023-01-10,49,Pro,APAC,8
ACC0623,2023-09-11,199,Starter,EU,42
ACC0624,2022-01-27,49,Enterprise,NA,16
ACC0625,2022-07-12,499,Pro,EU,11
ACC0626,2022-12-23,499,Enterprise,APAC,6
ACC0627,2022-03-03,499,Enterprise,APAC,1
ACC0628,2022-03-03,99,Pro,EU,12
ACC0629,2023-02-26,99,Enterprise,EU,38
ACC0630,2023-09-25,49,Pro,APAC,28
ACC0631,2023-07-05,99,Pro,NA,45
ACC0632,2023-01-15,499,Starter,APAC,17
ACC0633,2022-10-04,99,Starter,EU,1
ACC0634,2023-08-29,99,Starter,APAC,32
ACC0635,2023-03-07,199,Starter,APAC,8
ACC0636,2022-04-25,49,Enterprise,NA,40
ACC0637,2023-11-19,49,Enterprise,APAC,43
ACC0638,2022-05-01,49,Starter,APAC,46
ACC0639,2023-06-09,99,Pro,APAC,24
ACC0640,2023-02-20,499,Pro,EU,10
ACC0641,2022-06-12,199,Pro,EU,47
ACC0642,2023-11-19,49,Pro,NA,39
ACC0643,2022-12-03,99,Enterprise,APAC,39
ACC0644,2023-01-14,499,Pro,EU,10
ACC0645,2022-11-20,199,Pro,NA,36
ACC0646,2022-06-22,199,Starter,APAC,25
ACC0647,2022-03-05,49,Pro,NA,10
ACC0648,2022-04-11,49,Enterprise,NA,19
ACC0649,2022-11-18,499,Pro,NA,46
ACC0650,2022-03-07,99,Pro,NA,45
ACC0651,2023-07-11,499,Enterprise,NA,15
ACC0652,2023-08-22,49,Starter,NA,16
ACC0653,2023-04-03,499,Enterprise,NA,2
ACC0654,2023-08-02,99,Starter,APAC,29
ACC0655,2023-03-29,199,Pro,APAC,4
ACC0656,2022-09-16,199,Starter,NA,29
ACC0657,2023-12-18,199,Starter,APAC,31
ACC0658,2023-03-02,199,Starter,NA,17
ACC0659,2022-06-27,49,Pro,APAC,10
ACC0660,2022-10-07,49,Starter,EU,27
ACC0661,2022-12-10,99,Starter,NA,41
ACC0662,2022-01-17,99,Pro,EU,15
ACC0663,2022-10-23,99,Enterprise,NA,44
ACC0664,2022-07-21,99,Enterprise,NA,31
ACC0665,2023-11-15,499,Enterprise,EU,21
ACC0666,2022-07-13,99,Pro,EU,41
ACC0667,2022-05-29,199,Pro,EU,46
ACC0668,2023-01-10,199,Enterprise,NA,45
ACC0669,2022-02-04,199,Starter,EU,26
ACC0670,2023-01-04,499,Enterprise,EU,38
ACC0671,2022-01-29,99,Pro,APAC,36
ACC0672,2022-08-09,199,Starter,APAC,17
ACC0673,2022-02-22,199,Starter,EU,3
ACC0674,2022-12-19,199,Pro,EU,14
ACC0675,2023-01-27,199,Starter,EU,49
ACC0676,2022-03-17,49,Enterprise,EU,13
ACC0677,2023-05-09,99,Pro,APAC,41
ACC0678,2023-11-19,99,Pro,NA,27
ACC0679,2023-06-06,499,Pro,EU,1
ACC0680,2022-04-27,49,Pro,EU,17
ACC0681,2022-10-07,499,Starter,APAC,48
ACC0682,2023-12-31,199,Pro,EU,34
ACC0683,2022-06-24,499,Pro,EU,14
ACC0684,2022-10-22,199,Starter,APAC,17
ACC0685,2023-03-27,199,Pro,EU,3
ACC0686,2023-06-02,99,Starter,EU,34
ACC0687,2022-01-21,99,Starter,APAC,40
ACC0688,2022-03-14,99,Pro,NA,25
ACC0689,2022-02-05,99,Enterprise,EU,2
ACC0690,2023-05-22,99,Pro,EU,34
ACC0691,2022-08-21,49,Enterprise,NA,26
ACC0692,2023-12-29,99,Starter,APAC,31
ACC0693,2023-05-12,499,Enterprise,NA,9
ACC0694,2022-07-25,199,Pro,EU,30
ACC0695,2023-03-02,99,Pro,NA,20
ACC0696,2022-02-13,49,Enterprise,APAC,21
ACC0697,2022-04-01,499,Pro,EU,29
ACC0698,2023-04-15,499,Enterprise,APAC,25
ACC0699,2023-08-28,199,Starter,APAC,38
ACC0700,2023-04-12,499,Enterprise,NA,44
ACC0701,2023-03-30,499,Enterprise,NA,25
ACC0702,2023-08-18,499,Enterprise,APAC,9
ACC0703,2022-11-29,499,Enterprise,APAC,39
ACC0704,2023-05-22,49,Starter,EU,44
ACC0705,2023-04-15,199,Starter,APAC,26
ACC0706,2022-01-21,99,Starter,APAC,37
ACC0707,2022-08-16,499,Enterprise,NA,16
ACC0708,2023-01-11,49,Starter,APAC,37
ACC0709,2022-05-10,199,Pro,APAC,12
ACC0710,2023-11-18,99,Starter,NA,24
ACC0711,2023-09-12,199,Enterprise,EU,26
ACC0712,2023-02-18,49,Pro,NA,20
ACC0713,2022-03-12,49,Enterprise,NA,9
ACC0714,2023-02-08,49,Pro,APAC,23
ACC0715,2023-07-16,499,Enterprise,APAC,39
ACC0716,2023-08-30,49,Enterprise,EU,29
ACC0717,2023-02-01,99,Pro,APAC,31
ACC0718,2022-12-03,499,Starter,EU,19
ACC0719,2023-10-06,199,Pro,EU,20
ACC0720,2023-05-20,99,Pro,EU,23
ACC0721,2022-10-03,499,Pro,EU,43
ACC0722,2022-01-13,49,Pro,APAC,27
ACC0723,2022-01-03,199,Pro,NA,30
ACC0724,2022-08-12,49,Enterprise,NA,21
ACC0725,2022-06-24,99,Enterprise,APAC,44
ACC0726,2023-01-20,99,Starter,APAC,35
ACC0727,2023-08-25,499,Starter,EU,49
ACC0728,2022-08-29,99,Pro,APAC,7
ACC0729,2023-07-01,199,Starter,NA,22
ACC0730,2022-01-14,499,Starter,APAC,10
ACC0731,2022-07-14,199,Pro,APAC,23
ACC0732,2023-02-01,49,Enterprise,EU,15
ACC0733,2023-03-07,199,Enterprise,EU,30
ACC0734,2022-11-02,199,Starter,EU,34
ACC0735,2022-11-30,99,Enterprise,EU,13
ACC0736,2023-12-26,49,Enterprise,NA,4
ACC0737,2023-02-14,99,Starter,APAC,18
ACC0738,2022-01-03,49,Pro,APAC,23
ACC0739,2023-11-22,49,Starter,EU,33
ACC0740,2023-07-06,199,Starter,NA,34
ACC0741,2023-03-28,99,Starter,NA,34
ACC0742,2023-11-07,199,Pro,APAC,36
ACC0743,2023-05-10,199,Pro,EU,35
ACC0744,2023-02-21,199,Pro,APAC,17
ACC0745,2023-01-26,49,Pro,APAC,28
ACC0746,2023-01-08,99,Starter,NA,14
ACC0747,2023-09-20,99,Enterprise,NA,34
ACC0748,2022-02-21,199,Starter,APAC,48
ACC0749,2023-01-11,49,Pro,EU,11
ACC0750,2023-01-30,99,Enterprise,EU,13
ACC0751,2022-05-22,499,Starter,APAC,33
ACC0752,2022-03-27,99,Enterprise,APAC,2
ACC0753,2023-04-09,199,Pro,EU,34
ACC0754,2022-02-15,499,Enterprise,EU,29
ACC0755,2022-08-26,49,Enterprise,EU,37
ACC0756,2022-01-10,499,Pro,APAC,4
ACC0757,2023-10-26,499,Enterprise,NA,12
ACC0758,2023-07-27,199,Starter,EU,26
ACC0759,2023-06-14,99,Enterprise,EU,28
ACC0760,2023-08-21,49,Starter,EU,3
ACC0761,2023-10-11,499,Enterprise,APAC,20
ACC0762,2023-10-02,199,Enterprise,NA,10
ACC0763,2023-09-08,99,Pro,NA,18
ACC0764,2023-11-29,499,Pro,EU,27
ACC0765,2022-06-27,199,Starter,APAC,31
ACC0766,2022-01-06,199,Pro,NA,27
ACC0767,2022-11-03,199,Pro,APAC,42
ACC0768,2023-07-02,49,Pro,NA,1
ACC0769,2022-11-23,99,Pro,EU,6
ACC0770,2022-12-22,499,Pro,APAC,11
ACC0771,2023-01-30,99,Starter,EU,34
ACC0772,2022-10-27,99,Starter,NA,39
ACC0773,2023-06-10,499,Pro,NA,20
ACC0774,2022-10-12,99,Pro,EU,21
ACC0775,2022-11-26,49,Starter,NA,21
ACC0776,2022-02-19,499,Enterprise,EU,18
ACC0777,2023-09-14,499,Starter,EU,21
ACC0778,2023-12-10,199,Enterprise,EU,19
ACC0779,2023-01-13,99,Pro,NA,4
ACC0780,2023-08-23,499,Pro,APAC,13
ACC0781,2023-06-22,499,Starter,EU,18
ACC0782,2022-05-24,49,Pro,APAC,29
ACC0783,2022-03-01,199,Enterprise,NA,25
ACC0784,2022-03-16,499,Enterprise,NA,13
ACC0785,2022-01-03,49,Starter,APAC,27
ACC0786,2023-07-29,499,Enterprise,EU,19
ACC0787,2023-03-24,499,Starter,NA,49
ACC0788,2022-10-02,499,Starter,EU,1
ACC0789,2023-06-14,49,Enterprise,EU,38
ACC0790,2023-08-15,99,Enterprise,APAC,19
ACC0791,2022-08-03,499,Enterprise,NA,1
ACC0792,2023-11-14,499,Enterprise,APAC,40
ACC0793,2023-04-30,99,Enterprise,NA,17
ACC0794,2022-11-25,499,Enterprise,APAC,21
ACC0795,2022-09-12,199,Enterprise,NA,22
ACC0796,2023-01-22,499,Pro,NA,15
ACC0797,2022-05-06,199,Starter,NA,39
ACC0798,2023-08-07,99,Starter,EU,48
ACC0799,2023-07-04,49,Enterprise,EU,39
